INSERT INTO AN_PAIS (C_CODPAIS, T_SIGLA, T_ABREV, T_NOMBRE) VALUES ('1','P','CL','Chile');


INSERT INTO AN_REGION (C_CODREG, T_SIGLA, T_NOMBRE, T_IDENT, C_CODPAIS ) VALUES ('101','R','Arica y Parinacota','XV','1');
INSERT INTO AN_REGION (C_CODREG, T_SIGLA, T_NOMBRE, T_IDENT, C_CODPAIS ) VALUES ('102','R','Tarapacá','I','1');
INSERT INTO AN_REGION (C_CODREG, T_SIGLA, T_NOMBRE, T_IDENT, C_CODPAIS ) VALUES ('103','R','Antofagasta','II','1');
INSERT INTO AN_REGION (C_CODREG, T_SIGLA, T_NOMBRE, T_IDENT, C_CODPAIS ) VALUES ('104','R','Atacama','III','1');
INSERT INTO AN_REGION (C_CODREG, T_SIGLA, T_NOMBRE, T_IDENT, C_CODPAIS ) VALUES ('105','R','Coquimbo','IV','1');
INSERT INTO AN_REGION (C_CODREG, T_SIGLA, T_NOMBRE, T_IDENT, C_CODPAIS ) VALUES ('106','R','Valparaiso','V','1');
INSERT INTO AN_REGION (C_CODREG, T_SIGLA, T_NOMBRE, T_IDENT, C_CODPAIS ) VALUES ('107','R','Metropolitana de Santiago','RM','1');
INSERT INTO AN_REGION (C_CODREG, T_SIGLA, T_NOMBRE, T_IDENT, C_CODPAIS ) VALUES ('108','R','Libertador General Bernardo O Higgins','VI','1');
INSERT INTO AN_REGION (C_CODREG, T_SIGLA, T_NOMBRE, T_IDENT, C_CODPAIS ) VALUES ('109','R','Maule','VII','1');
INSERT INTO AN_REGION (C_CODREG, T_SIGLA, T_NOMBRE, T_IDENT, C_CODPAIS ) VALUES ('110','R','Biobío','VIII','1');
INSERT INTO AN_REGION (C_CODREG, T_SIGLA, T_NOMBRE, T_IDENT, C_CODPAIS ) VALUES ('111','R','La Araucanía','IX','1');
INSERT INTO AN_REGION (C_CODREG, T_SIGLA, T_NOMBRE, T_IDENT, C_CODPAIS ) VALUES ('112','R','Los Ríos','XIV','1');
INSERT INTO AN_REGION (C_CODREG, T_SIGLA, T_NOMBRE, T_IDENT, C_CODPAIS ) VALUES ('113','R','Los Lagos','X','1');
INSERT INTO AN_REGION (C_CODREG, T_SIGLA, T_NOMBRE, T_IDENT, C_CODPAIS ) VALUES ('114','R','Aisén del General Carlos Ibáñez del Campo','XI','1');
INSERT INTO AN_REGION (C_CODREG, T_SIGLA, T_NOMBRE, T_IDENT, C_CODPAIS ) VALUES ('115','R','Magallanes y de la Antártica Chilena','XII','1');


INSERT INTO AN_CIUDAD (C_CODCIU, T_SIGLA, T_NOMBRE, C_CODREG) VALUES ('201','CI','Arica','101');
INSERT INTO AN_CIUDAD (C_CODCIU, T_SIGLA, T_NOMBRE, C_CODREG) VALUES ('202','CI','Parinacota','101');
INSERT INTO AN_CIUDAD (C_CODCIU, T_SIGLA, T_NOMBRE, C_CODREG) VALUES ('203','CI','Iquique','102');
INSERT INTO AN_CIUDAD (C_CODCIU, T_SIGLA, T_NOMBRE, C_CODREG) VALUES ('204','CI','El Tamarugal','102');
INSERT INTO AN_CIUDAD (C_CODCIU, T_SIGLA, T_NOMBRE, C_CODREG) VALUES ('205','CI','Antofagasta','103');
INSERT INTO AN_CIUDAD (C_CODCIU, T_SIGLA, T_NOMBRE, C_CODREG) VALUES ('206','CI','El Loa','103');
INSERT INTO AN_CIUDAD (C_CODCIU, T_SIGLA, T_NOMBRE, C_CODREG) VALUES ('207','CI','Tocopilla','103');
INSERT INTO AN_CIUDAD (C_CODCIU, T_SIGLA, T_NOMBRE, C_CODREG) VALUES ('208','CI','Chañaral','104');
INSERT INTO AN_CIUDAD (C_CODCIU, T_SIGLA, T_NOMBRE, C_CODREG) VALUES ('209','CI','Copiapó','104');
INSERT INTO AN_CIUDAD (C_CODCIU, T_SIGLA, T_NOMBRE, C_CODREG) VALUES ('210','CI','Huasco','104');
INSERT INTO AN_CIUDAD (C_CODCIU, T_SIGLA, T_NOMBRE, C_CODREG) VALUES ('211','CI','Choapa','105');
INSERT INTO AN_CIUDAD (C_CODCIU, T_SIGLA, T_NOMBRE, C_CODREG) VALUES ('212','CI','Elqui','105');
INSERT INTO AN_CIUDAD (C_CODCIU, T_SIGLA, T_NOMBRE, C_CODREG) VALUES ('213','CI','Limarí','105');
INSERT INTO AN_CIUDAD (C_CODCIU, T_SIGLA, T_NOMBRE, C_CODREG) VALUES ('214','CI','Isla de Pascua','106');
INSERT INTO AN_CIUDAD (C_CODCIU, T_SIGLA, T_NOMBRE, C_CODREG) VALUES ('215','CI','Los Andes','106');
INSERT INTO AN_CIUDAD (C_CODCIU, T_SIGLA, T_NOMBRE, C_CODREG) VALUES ('216','CI','Petorca','106');
INSERT INTO AN_CIUDAD (C_CODCIU, T_SIGLA, T_NOMBRE, C_CODREG) VALUES ('217','CI','Quillota','106');
INSERT INTO AN_CIUDAD (C_CODCIU, T_SIGLA, T_NOMBRE, C_CODREG) VALUES ('218','CI','San Antonio','106');
INSERT INTO AN_CIUDAD (C_CODCIU, T_SIGLA, T_NOMBRE, C_CODREG) VALUES ('219','CI','San Felipe de Aconcagua','106');
INSERT INTO AN_CIUDAD (C_CODCIU, T_SIGLA, T_NOMBRE, C_CODREG) VALUES ('220','CI','Valparaiso','106');
INSERT INTO AN_CIUDAD (C_CODCIU, T_SIGLA, T_NOMBRE, C_CODREG) VALUES ('221','CI','Chacabuco','107');
INSERT INTO AN_CIUDAD (C_CODCIU, T_SIGLA, T_NOMBRE, C_CODREG) VALUES ('222','CI','Cordillera','107');
INSERT INTO AN_CIUDAD (C_CODCIU, T_SIGLA, T_NOMBRE, C_CODREG) VALUES ('223','CI','Maipo','107');
INSERT INTO AN_CIUDAD (C_CODCIU, T_SIGLA, T_NOMBRE, C_CODREG) VALUES ('224','CI','Melipilla','107');
INSERT INTO AN_CIUDAD (C_CODCIU, T_SIGLA, T_NOMBRE, C_CODREG) VALUES ('225','CI','Santiago','107');
INSERT INTO AN_CIUDAD (C_CODCIU, T_SIGLA, T_NOMBRE, C_CODREG) VALUES ('226','CI','Talagante','107');
INSERT INTO AN_CIUDAD (C_CODCIU, T_SIGLA, T_NOMBRE, C_CODREG) VALUES ('227','CI','Cachapoal','107');
INSERT INTO AN_CIUDAD (C_CODCIU, T_SIGLA, T_NOMBRE, C_CODREG) VALUES ('228','CI','Cardenal Caro','108');
INSERT INTO AN_CIUDAD (C_CODCIU, T_SIGLA, T_NOMBRE, C_CODREG) VALUES ('229','CI','Colchagua','108');
INSERT INTO AN_CIUDAD (C_CODCIU, T_SIGLA, T_NOMBRE, C_CODREG) VALUES ('230','CI','Cauquenes','109');
INSERT INTO AN_CIUDAD (C_CODCIU, T_SIGLA, T_NOMBRE, C_CODREG) VALUES ('231','CI','Curicó','109');
INSERT INTO AN_CIUDAD (C_CODCIU, T_SIGLA, T_NOMBRE, C_CODREG) VALUES ('232','CI','Linares','109');
INSERT INTO AN_CIUDAD (C_CODCIU, T_SIGLA, T_NOMBRE, C_CODREG) VALUES ('233','CI','Talca','109');
INSERT INTO AN_CIUDAD (C_CODCIU, T_SIGLA, T_NOMBRE, C_CODREG) VALUES ('234','CI','Arauco','110');
INSERT INTO AN_CIUDAD (C_CODCIU, T_SIGLA, T_NOMBRE, C_CODREG) VALUES ('235','CI','Bio Bío','110');
INSERT INTO AN_CIUDAD (C_CODCIU, T_SIGLA, T_NOMBRE, C_CODREG) VALUES ('236','CI','Concepción','110');
INSERT INTO AN_CIUDAD (C_CODCIU, T_SIGLA, T_NOMBRE, C_CODREG) VALUES ('237','CI','Ñuble','110');
INSERT INTO AN_CIUDAD (C_CODCIU, T_SIGLA, T_NOMBRE, C_CODREG) VALUES ('238','CI','Cautín','111');
INSERT INTO AN_CIUDAD (C_CODCIU, T_SIGLA, T_NOMBRE, C_CODREG) VALUES ('239','CI','Malleco','111');
INSERT INTO AN_CIUDAD (C_CODCIU, T_SIGLA, T_NOMBRE, C_CODREG) VALUES ('240','CI','Valdivia','112');
INSERT INTO AN_CIUDAD (C_CODCIU, T_SIGLA, T_NOMBRE, C_CODREG) VALUES ('241','CI','Ranco','112');
INSERT INTO AN_CIUDAD (C_CODCIU, T_SIGLA, T_NOMBRE, C_CODREG) VALUES ('242','CI','Chiloé','113');
INSERT INTO AN_CIUDAD (C_CODCIU, T_SIGLA, T_NOMBRE, C_CODREG) VALUES ('243','CI','Llanquihue','113');
INSERT INTO AN_CIUDAD (C_CODCIU, T_SIGLA, T_NOMBRE, C_CODREG) VALUES ('244','CI','Osorno','113');
INSERT INTO AN_CIUDAD (C_CODCIU, T_SIGLA, T_NOMBRE, C_CODREG) VALUES ('245','CI','Palena','113');
INSERT INTO AN_CIUDAD (C_CODCIU, T_SIGLA, T_NOMBRE, C_CODREG) VALUES ('246','CI','Aisén','114');
INSERT INTO AN_CIUDAD (C_CODCIU, T_SIGLA, T_NOMBRE, C_CODREG) VALUES ('247','CI','Capitán Prat','114');
INSERT INTO AN_CIUDAD (C_CODCIU, T_SIGLA, T_NOMBRE, C_CODREG) VALUES ('248','CI','Coihaique','114');
INSERT INTO AN_CIUDAD (C_CODCIU, T_SIGLA, T_NOMBRE, C_CODREG) VALUES ('249','CI','General Carrera','114');
INSERT INTO AN_CIUDAD (C_CODCIU, T_SIGLA, T_NOMBRE, C_CODREG) VALUES ('250','CI','Antártica Chilena','115');
INSERT INTO AN_CIUDAD (C_CODCIU, T_SIGLA, T_NOMBRE, C_CODREG) VALUES ('251','CI','Magallanes','115');
INSERT INTO AN_CIUDAD (C_CODCIU, T_SIGLA, T_NOMBRE, C_CODREG) VALUES ('252','CI','Tierra del Fuego','115');
INSERT INTO AN_CIUDAD (C_CODCIU, T_SIGLA, T_NOMBRE, C_CODREG) VALUES ('253','CI','Última Esperanza','115');


INSERT INTO AN_COMUNA (C_CODCOM, T_SIGLA, T_NOMBRE, C_CODCIU) VALUES ('300','CO','Arica','201');
INSERT INTO AN_COMUNA (C_CODCOM, T_SIGLA, T_NOMBRE, C_CODCIU) VALUES ('301','CO','Camarones','201');
INSERT INTO AN_COMUNA (C_CODCOM, T_SIGLA, T_NOMBRE, C_CODCIU) VALUES ('302','CO','General Lagos','202');
INSERT INTO AN_COMUNA (C_CODCOM, T_SIGLA, T_NOMBRE, C_CODCIU) VALUES ('303','CO','Putre','202');
INSERT INTO AN_COMUNA (C_CODCOM, T_SIGLA, T_NOMBRE, C_CODCIU) VALUES ('304','CO','Alto Hospicio','203');
INSERT INTO AN_COMUNA (C_CODCOM, T_SIGLA, T_NOMBRE, C_CODCIU) VALUES ('305','CO','Iquique','203');
INSERT INTO AN_COMUNA (C_CODCOM, T_SIGLA, T_NOMBRE, C_CODCIU) VALUES ('306','CO','Camiña','204');
INSERT INTO AN_COMUNA (C_CODCOM, T_SIGLA, T_NOMBRE, C_CODCIU) VALUES ('307','CO','Colchane','204');
INSERT INTO AN_COMUNA (C_CODCOM, T_SIGLA, T_NOMBRE, C_CODCIU) VALUES ('308','CO','Huara','204');
INSERT INTO AN_COMUNA (C_CODCOM, T_SIGLA, T_NOMBRE, C_CODCIU) VALUES ('309','CO','Pica','204');
INSERT INTO AN_COMUNA (C_CODCOM, T_SIGLA, T_NOMBRE, C_CODCIU) VALUES ('310','CO','Pozo Almonte','204');
INSERT INTO AN_COMUNA (C_CODCOM, T_SIGLA, T_NOMBRE, C_CODCIU) VALUES ('311','CO','Antofagasta','205');
INSERT INTO AN_COMUNA (C_CODCOM, T_SIGLA, T_NOMBRE, C_CODCIU) VALUES ('312','CO','Mejillones','205');
INSERT INTO AN_COMUNA (C_CODCOM, T_SIGLA, T_NOMBRE, C_CODCIU) VALUES ('313','CO','Sierra Gorda','205');
INSERT INTO AN_COMUNA (C_CODCOM, T_SIGLA, T_NOMBRE, C_CODCIU) VALUES ('314','CO','Taltal','205');
INSERT INTO AN_COMUNA (C_CODCOM, T_SIGLA, T_NOMBRE, C_CODCIU) VALUES ('315','CO','Calama','206');
INSERT INTO AN_COMUNA (C_CODCOM, T_SIGLA, T_NOMBRE, C_CODCIU) VALUES ('316','CO','Ollague','206');
INSERT INTO AN_COMUNA (C_CODCOM, T_SIGLA, T_NOMBRE, C_CODCIU) VALUES ('317','CO','San Pedro de Atacama','206');
INSERT INTO AN_COMUNA (C_CODCOM, T_SIGLA, T_NOMBRE, C_CODCIU) VALUES ('318','CO','María Elena','207');
INSERT INTO AN_COMUNA (C_CODCOM, T_SIGLA, T_NOMBRE, C_CODCIU) VALUES ('319','CO','Tocopilla','207');
INSERT INTO AN_COMUNA (C_CODCOM, T_SIGLA, T_NOMBRE, C_CODCIU) VALUES ('320','CO','Chañaral','208');
INSERT INTO AN_COMUNA (C_CODCOM, T_SIGLA, T_NOMBRE, C_CODCIU) VALUES ('321','CO','Diego de Almagro','208');
INSERT INTO AN_COMUNA (C_CODCOM, T_SIGLA, T_NOMBRE, C_CODCIU) VALUES ('322','CO','Caldera','209');
INSERT INTO AN_COMUNA (C_CODCOM, T_SIGLA, T_NOMBRE, C_CODCIU) VALUES ('323','CO','Copiapó','209');
INSERT INTO AN_COMUNA (C_CODCOM, T_SIGLA, T_NOMBRE, C_CODCIU) VALUES ('324','CO','Tierra Amarilla','209');
INSERT INTO AN_COMUNA (C_CODCOM, T_SIGLA, T_NOMBRE, C_CODCIU) VALUES ('325','CO','Alto del Carmen','210');
INSERT INTO AN_COMUNA (C_CODCOM, T_SIGLA, T_NOMBRE, C_CODCIU) VALUES ('326','CO','Freirina','210');
INSERT INTO AN_COMUNA (C_CODCOM, T_SIGLA, T_NOMBRE, C_CODCIU) VALUES ('327','CO','Huasco','210');
INSERT INTO AN_COMUNA (C_CODCOM, T_SIGLA, T_NOMBRE, C_CODCIU) VALUES ('328','CO','Vallenar','210');
INSERT INTO AN_COMUNA (C_CODCOM, T_SIGLA, T_NOMBRE, C_CODCIU) VALUES ('329','CO','Canela','211');
INSERT INTO AN_COMUNA (C_CODCOM, T_SIGLA, T_NOMBRE, C_CODCIU) VALUES ('330','CO','Illapel','211');
INSERT INTO AN_COMUNA (C_CODCOM, T_SIGLA, T_NOMBRE, C_CODCIU) VALUES ('331','CO','Los Vilos','211');
INSERT INTO AN_COMUNA (C_CODCOM, T_SIGLA, T_NOMBRE, C_CODCIU) VALUES ('332','CO','Salamanca','211');
INSERT INTO AN_COMUNA (C_CODCOM, T_SIGLA, T_NOMBRE, C_CODCIU) VALUES ('333','CO','Andacollo','212');
INSERT INTO AN_COMUNA (C_CODCOM, T_SIGLA, T_NOMBRE, C_CODCIU) VALUES ('334','CO','Coquimbo','212');
INSERT INTO AN_COMUNA (C_CODCOM, T_SIGLA, T_NOMBRE, C_CODCIU) VALUES ('335','CO','La Higuera','212');
INSERT INTO AN_COMUNA (C_CODCOM, T_SIGLA, T_NOMBRE, C_CODCIU) VALUES ('336','CO','La Serena','212');
INSERT INTO AN_COMUNA (C_CODCOM, T_SIGLA, T_NOMBRE, C_CODCIU) VALUES ('337','CO','Paihuaco','212');
INSERT INTO AN_COMUNA (C_CODCOM, T_SIGLA, T_NOMBRE, C_CODCIU) VALUES ('338','CO','Vicuña','212');
INSERT INTO AN_COMUNA (C_CODCOM, T_SIGLA, T_NOMBRE, C_CODCIU) VALUES ('339','CO','Combarbalá','213');
INSERT INTO AN_COMUNA (C_CODCOM, T_SIGLA, T_NOMBRE, C_CODCIU) VALUES ('340','CO','Monte Patria','213');
INSERT INTO AN_COMUNA (C_CODCOM, T_SIGLA, T_NOMBRE, C_CODCIU) VALUES ('341','CO','Ovalle','213');
INSERT INTO AN_COMUNA (C_CODCOM, T_SIGLA, T_NOMBRE, C_CODCIU) VALUES ('342','CO','Punitaqui','213');
INSERT INTO AN_COMUNA (C_CODCOM, T_SIGLA, T_NOMBRE, C_CODCIU) VALUES ('343','CO','Río Hurtado','213');
INSERT INTO AN_COMUNA (C_CODCOM, T_SIGLA, T_NOMBRE, C_CODCIU) VALUES ('344','CO','Isla de Pascua','214');
INSERT INTO AN_COMUNA (C_CODCOM, T_SIGLA, T_NOMBRE, C_CODCIU) VALUES ('345','CO','Calle Larga','215');
INSERT INTO AN_COMUNA (C_CODCOM, T_SIGLA, T_NOMBRE, C_CODCIU) VALUES ('346','CO','Los Andes','215');
INSERT INTO AN_COMUNA (C_CODCOM, T_SIGLA, T_NOMBRE, C_CODCIU) VALUES ('347','CO','Rinconada','215');
INSERT INTO AN_COMUNA (C_CODCOM, T_SIGLA, T_NOMBRE, C_CODCIU) VALUES ('348','CO','San Esteban','215');
INSERT INTO AN_COMUNA (C_CODCOM, T_SIGLA, T_NOMBRE, C_CODCIU) VALUES ('349','CO','La Ligua','216');
INSERT INTO AN_COMUNA (C_CODCOM, T_SIGLA, T_NOMBRE, C_CODCIU) VALUES ('350','CO','Papudo','216');
INSERT INTO AN_COMUNA (C_CODCOM, T_SIGLA, T_NOMBRE, C_CODCIU) VALUES ('351','CO','Petorca','216');
INSERT INTO AN_COMUNA (C_CODCOM, T_SIGLA, T_NOMBRE, C_CODCIU) VALUES ('352','CO','Zapallar','216');
INSERT INTO AN_COMUNA (C_CODCOM, T_SIGLA, T_NOMBRE, C_CODCIU) VALUES ('353','CO','Hijuelas','217');
INSERT INTO AN_COMUNA (C_CODCOM, T_SIGLA, T_NOMBRE, C_CODCIU) VALUES ('354','CO','La Calera','217');
INSERT INTO AN_COMUNA (C_CODCOM, T_SIGLA, T_NOMBRE, C_CODCIU) VALUES ('355','CO','La Cruz','217');
INSERT INTO AN_COMUNA (C_CODCOM, T_SIGLA, T_NOMBRE, C_CODCIU) VALUES ('356','CO','Limache','217');
INSERT INTO AN_COMUNA (C_CODCOM, T_SIGLA, T_NOMBRE, C_CODCIU) VALUES ('357','CO','Nogales','217');
INSERT INTO AN_COMUNA (C_CODCOM, T_SIGLA, T_NOMBRE, C_CODCIU) VALUES ('358','CO','Olmué','217');
INSERT INTO AN_COMUNA (C_CODCOM, T_SIGLA, T_NOMBRE, C_CODCIU) VALUES ('359','CO','Quillota','217');
INSERT INTO AN_COMUNA (C_CODCOM, T_SIGLA, T_NOMBRE, C_CODCIU) VALUES ('360','CO','Algarrobo','218');
INSERT INTO AN_COMUNA (C_CODCOM, T_SIGLA, T_NOMBRE, C_CODCIU) VALUES ('361','CO','Cartagena','218');
INSERT INTO AN_COMUNA (C_CODCOM, T_SIGLA, T_NOMBRE, C_CODCIU) VALUES ('362','CO','El Quisco','218');
INSERT INTO AN_COMUNA (C_CODCOM, T_SIGLA, T_NOMBRE, C_CODCIU) VALUES ('363','CO','El Tabo','218');
INSERT INTO AN_COMUNA (C_CODCOM, T_SIGLA, T_NOMBRE, C_CODCIU) VALUES ('364','CO','San Antonio','218');
INSERT INTO AN_COMUNA (C_CODCOM, T_SIGLA, T_NOMBRE, C_CODCIU) VALUES ('365','CO','Santo Domingo','218');
INSERT INTO AN_COMUNA (C_CODCOM, T_SIGLA, T_NOMBRE, C_CODCIU) VALUES ('366','CO','Catemu','219');
INSERT INTO AN_COMUNA (C_CODCOM, T_SIGLA, T_NOMBRE, C_CODCIU) VALUES ('367','CO','Llaillay','219');
INSERT INTO AN_COMUNA (C_CODCOM, T_SIGLA, T_NOMBRE, C_CODCIU) VALUES ('368','CO','Panquehue','219');
INSERT INTO AN_COMUNA (C_CODCOM, T_SIGLA, T_NOMBRE, C_CODCIU) VALUES ('369','CO','Putaendo','219');
INSERT INTO AN_COMUNA (C_CODCOM, T_SIGLA, T_NOMBRE, C_CODCIU) VALUES ('370','CO','San Felipe','219');
INSERT INTO AN_COMUNA (C_CODCOM, T_SIGLA, T_NOMBRE, C_CODCIU) VALUES ('371','CO','Santa María','219');
INSERT INTO AN_COMUNA (C_CODCOM, T_SIGLA, T_NOMBRE, C_CODCIU) VALUES ('372','CO','Casablanca','220');
INSERT INTO AN_COMUNA (C_CODCOM, T_SIGLA, T_NOMBRE, C_CODCIU) VALUES ('373','CO','Concón','220');
INSERT INTO AN_COMUNA (C_CODCOM, T_SIGLA, T_NOMBRE, C_CODCIU) VALUES ('374','CO','Juan Fernández','220');
INSERT INTO AN_COMUNA (C_CODCOM, T_SIGLA, T_NOMBRE, C_CODCIU) VALUES ('375','CO','Puchuncaví','220');
INSERT INTO AN_COMUNA (C_CODCOM, T_SIGLA, T_NOMBRE, C_CODCIU) VALUES ('376','CO','Quilpué','220');
INSERT INTO AN_COMUNA (C_CODCOM, T_SIGLA, T_NOMBRE, C_CODCIU) VALUES ('377','CO','Quintero','220');
INSERT INTO AN_COMUNA (C_CODCOM, T_SIGLA, T_NOMBRE, C_CODCIU) VALUES ('378','CO','Valparaíso','220');
INSERT INTO AN_COMUNA (C_CODCOM, T_SIGLA, T_NOMBRE, C_CODCIU) VALUES ('379','CO','Villa Alemana','220');
INSERT INTO AN_COMUNA (C_CODCOM, T_SIGLA, T_NOMBRE, C_CODCIU) VALUES ('380','CO','Viña del Mar','220');
INSERT INTO AN_COMUNA (C_CODCOM, T_SIGLA, T_NOMBRE, C_CODCIU) VALUES ('381','CO','Colina','221');
INSERT INTO AN_COMUNA (C_CODCOM, T_SIGLA, T_NOMBRE, C_CODCIU) VALUES ('382','CO','Lampa','221');
INSERT INTO AN_COMUNA (C_CODCOM, T_SIGLA, T_NOMBRE, C_CODCIU) VALUES ('383','CO','Tiltil','221');
INSERT INTO AN_COMUNA (C_CODCOM, T_SIGLA, T_NOMBRE, C_CODCIU) VALUES ('384','CO','Pirque','222');
INSERT INTO AN_COMUNA (C_CODCOM, T_SIGLA, T_NOMBRE, C_CODCIU) VALUES ('385','CO','Puente Alto','222');
INSERT INTO AN_COMUNA (C_CODCOM, T_SIGLA, T_NOMBRE, C_CODCIU) VALUES ('386','CO','San José de Maipo','222');
INSERT INTO AN_COMUNA (C_CODCOM, T_SIGLA, T_NOMBRE, C_CODCIU) VALUES ('387','CO','Buin','223');
INSERT INTO AN_COMUNA (C_CODCOM, T_SIGLA, T_NOMBRE, C_CODCIU) VALUES ('388','CO','Calera de Tango','223');
INSERT INTO AN_COMUNA (C_CODCOM, T_SIGLA, T_NOMBRE, C_CODCIU) VALUES ('389','CO','Paine','223');
INSERT INTO AN_COMUNA (C_CODCOM, T_SIGLA, T_NOMBRE, C_CODCIU) VALUES ('390','CO','San Bernardo','223');
INSERT INTO AN_COMUNA (C_CODCOM, T_SIGLA, T_NOMBRE, C_CODCIU) VALUES ('391','CO','Alhué','224');
INSERT INTO AN_COMUNA (C_CODCOM, T_SIGLA, T_NOMBRE, C_CODCIU) VALUES ('392','CO','Curacaví','224');
INSERT INTO AN_COMUNA (C_CODCOM, T_SIGLA, T_NOMBRE, C_CODCIU) VALUES ('393','CO','María Pinto','224');
INSERT INTO AN_COMUNA (C_CODCOM, T_SIGLA, T_NOMBRE, C_CODCIU) VALUES ('394','CO','Melipilla','224');
INSERT INTO AN_COMUNA (C_CODCOM, T_SIGLA, T_NOMBRE, C_CODCIU) VALUES ('395','CO','San Pedro','224');
INSERT INTO AN_COMUNA (C_CODCOM, T_SIGLA, T_NOMBRE, C_CODCIU) VALUES ('396','CO','Cerrillos','225');
INSERT INTO AN_COMUNA (C_CODCOM, T_SIGLA, T_NOMBRE, C_CODCIU) VALUES ('397','CO','Cerro Navia','225');
INSERT INTO AN_COMUNA (C_CODCOM, T_SIGLA, T_NOMBRE, C_CODCIU) VALUES ('398','CO','Conchalí','225');
INSERT INTO AN_COMUNA (C_CODCOM, T_SIGLA, T_NOMBRE, C_CODCIU) VALUES ('399','CO','El Bosque','225');
INSERT INTO AN_COMUNA (C_CODCOM, T_SIGLA, T_NOMBRE, C_CODCIU) VALUES ('400','CO','Estación Central','225');
INSERT INTO AN_COMUNA (C_CODCOM, T_SIGLA, T_NOMBRE, C_CODCIU) VALUES ('401','CO','Huechuraba','225');
INSERT INTO AN_COMUNA (C_CODCOM, T_SIGLA, T_NOMBRE, C_CODCIU) VALUES ('402','CO','Independencia','225');
INSERT INTO AN_COMUNA (C_CODCOM, T_SIGLA, T_NOMBRE, C_CODCIU) VALUES ('403','CO','La Cisterna','225');
INSERT INTO AN_COMUNA (C_CODCOM, T_SIGLA, T_NOMBRE, C_CODCIU) VALUES ('404','CO','La Granja','225');
INSERT INTO AN_COMUNA (C_CODCOM, T_SIGLA, T_NOMBRE, C_CODCIU) VALUES ('405','CO','La Florida','225');
INSERT INTO AN_COMUNA (C_CODCOM, T_SIGLA, T_NOMBRE, C_CODCIU) VALUES ('406','CO','La Pintana','225');
INSERT INTO AN_COMUNA (C_CODCOM, T_SIGLA, T_NOMBRE, C_CODCIU) VALUES ('407','CO','La Reina','225');
INSERT INTO AN_COMUNA (C_CODCOM, T_SIGLA, T_NOMBRE, C_CODCIU) VALUES ('408','CO','Las Condes','225');
INSERT INTO AN_COMUNA (C_CODCOM, T_SIGLA, T_NOMBRE, C_CODCIU) VALUES ('409','CO','Lo Barnechea','225');
INSERT INTO AN_COMUNA (C_CODCOM, T_SIGLA, T_NOMBRE, C_CODCIU) VALUES ('410','CO','Lo Espejo','225');
INSERT INTO AN_COMUNA (C_CODCOM, T_SIGLA, T_NOMBRE, C_CODCIU) VALUES ('411','CO','Lo Prado','225');
INSERT INTO AN_COMUNA (C_CODCOM, T_SIGLA, T_NOMBRE, C_CODCIU) VALUES ('412','CO','Macul','225');
INSERT INTO AN_COMUNA (C_CODCOM, T_SIGLA, T_NOMBRE, C_CODCIU) VALUES ('413','CO','Maipú','225');
INSERT INTO AN_COMUNA (C_CODCOM, T_SIGLA, T_NOMBRE, C_CODCIU) VALUES ('414','CO','Ñuñoa','225');
INSERT INTO AN_COMUNA (C_CODCOM, T_SIGLA, T_NOMBRE, C_CODCIU) VALUES ('415','CO','Pedro Aguirre Cerda','225');
INSERT INTO AN_COMUNA (C_CODCOM, T_SIGLA, T_NOMBRE, C_CODCIU) VALUES ('416','CO','Peñalolén','225');
INSERT INTO AN_COMUNA (C_CODCOM, T_SIGLA, T_NOMBRE, C_CODCIU) VALUES ('417','CO','Providencia','225');
INSERT INTO AN_COMUNA (C_CODCOM, T_SIGLA, T_NOMBRE, C_CODCIU) VALUES ('418','CO','Pudahuel','225');
INSERT INTO AN_COMUNA (C_CODCOM, T_SIGLA, T_NOMBRE, C_CODCIU) VALUES ('419','CO','Quilicura','225');
INSERT INTO AN_COMUNA (C_CODCOM, T_SIGLA, T_NOMBRE, C_CODCIU) VALUES ('420','CO','Quinta Normal','225');
INSERT INTO AN_COMUNA (C_CODCOM, T_SIGLA, T_NOMBRE, C_CODCIU) VALUES ('421','CO','Recoleta','225');
INSERT INTO AN_COMUNA (C_CODCOM, T_SIGLA, T_NOMBRE, C_CODCIU) VALUES ('422','CO','Renca','225');
INSERT INTO AN_COMUNA (C_CODCOM, T_SIGLA, T_NOMBRE, C_CODCIU) VALUES ('423','CO','San Miguel','225');
INSERT INTO AN_COMUNA (C_CODCOM, T_SIGLA, T_NOMBRE, C_CODCIU) VALUES ('424','CO','San Joaquín','225');
INSERT INTO AN_COMUNA (C_CODCOM, T_SIGLA, T_NOMBRE, C_CODCIU) VALUES ('425','CO','San Ramón','225');
INSERT INTO AN_COMUNA (C_CODCOM, T_SIGLA, T_NOMBRE, C_CODCIU) VALUES ('426','CO','Santiago','225');
INSERT INTO AN_COMUNA (C_CODCOM, T_SIGLA, T_NOMBRE, C_CODCIU) VALUES ('427','CO','Vitacura','225');
INSERT INTO AN_COMUNA (C_CODCOM, T_SIGLA, T_NOMBRE, C_CODCIU) VALUES ('428','CO','El Monte','226');
INSERT INTO AN_COMUNA (C_CODCOM, T_SIGLA, T_NOMBRE, C_CODCIU) VALUES ('429','CO','Isla de Maipo','226');
INSERT INTO AN_COMUNA (C_CODCOM, T_SIGLA, T_NOMBRE, C_CODCIU) VALUES ('430','CO','Padre Hurtado','226');
INSERT INTO AN_COMUNA (C_CODCOM, T_SIGLA, T_NOMBRE, C_CODCIU) VALUES ('431','CO','Peñaflor','226');
INSERT INTO AN_COMUNA (C_CODCOM, T_SIGLA, T_NOMBRE, C_CODCIU) VALUES ('432','CO','Talagante','226');
INSERT INTO AN_COMUNA (C_CODCOM, T_SIGLA, T_NOMBRE, C_CODCIU) VALUES ('433','CO','Codegua','227');
INSERT INTO AN_COMUNA (C_CODCOM, T_SIGLA, T_NOMBRE, C_CODCIU) VALUES ('434','CO','Coínco','227');
INSERT INTO AN_COMUNA (C_CODCOM, T_SIGLA, T_NOMBRE, C_CODCIU) VALUES ('435','CO','Coltauco','227');
INSERT INTO AN_COMUNA (C_CODCOM, T_SIGLA, T_NOMBRE, C_CODCIU) VALUES ('436','CO','Doñihue','227');
INSERT INTO AN_COMUNA (C_CODCOM, T_SIGLA, T_NOMBRE, C_CODCIU) VALUES ('437','CO','Graneros','227');
INSERT INTO AN_COMUNA (C_CODCOM, T_SIGLA, T_NOMBRE, C_CODCIU) VALUES ('438','CO','Las Cabras','227');
INSERT INTO AN_COMUNA (C_CODCOM, T_SIGLA, T_NOMBRE, C_CODCIU) VALUES ('439','CO','Machalí','227');
INSERT INTO AN_COMUNA (C_CODCOM, T_SIGLA, T_NOMBRE, C_CODCIU) VALUES ('440','CO','Malloa','227');
INSERT INTO AN_COMUNA (C_CODCOM, T_SIGLA, T_NOMBRE, C_CODCIU) VALUES ('441','CO','Mostazal','227');
INSERT INTO AN_COMUNA (C_CODCOM, T_SIGLA, T_NOMBRE, C_CODCIU) VALUES ('442','CO','Olivar','227');
INSERT INTO AN_COMUNA (C_CODCOM, T_SIGLA, T_NOMBRE, C_CODCIU) VALUES ('443','CO','Peumo','227');
INSERT INTO AN_COMUNA (C_CODCOM, T_SIGLA, T_NOMBRE, C_CODCIU) VALUES ('444','CO','Pichidegua','227');
INSERT INTO AN_COMUNA (C_CODCOM, T_SIGLA, T_NOMBRE, C_CODCIU) VALUES ('445','CO','Quinta de Tilcoco','227');
INSERT INTO AN_COMUNA (C_CODCOM, T_SIGLA, T_NOMBRE, C_CODCIU) VALUES ('446','CO','Rancagua','227');
INSERT INTO AN_COMUNA (C_CODCOM, T_SIGLA, T_NOMBRE, C_CODCIU) VALUES ('447','CO','Rengo','227');
INSERT INTO AN_COMUNA (C_CODCOM, T_SIGLA, T_NOMBRE, C_CODCIU) VALUES ('448','CO','Requínoa','227');
INSERT INTO AN_COMUNA (C_CODCOM, T_SIGLA, T_NOMBRE, C_CODCIU) VALUES ('449','CO','San Vicente de Tagua Tagua','227');
INSERT INTO AN_COMUNA (C_CODCOM, T_SIGLA, T_NOMBRE, C_CODCIU) VALUES ('450','CO','La Estrella','228');
INSERT INTO AN_COMUNA (C_CODCOM, T_SIGLA, T_NOMBRE, C_CODCIU) VALUES ('451','CO','Litueche','228');
INSERT INTO AN_COMUNA (C_CODCOM, T_SIGLA, T_NOMBRE, C_CODCIU) VALUES ('452','CO','Marchihue','228');
INSERT INTO AN_COMUNA (C_CODCOM, T_SIGLA, T_NOMBRE, C_CODCIU) VALUES ('453','CO','Navidad','228');
INSERT INTO AN_COMUNA (C_CODCOM, T_SIGLA, T_NOMBRE, C_CODCIU) VALUES ('454','CO','Peredones','228');
INSERT INTO AN_COMUNA (C_CODCOM, T_SIGLA, T_NOMBRE, C_CODCIU) VALUES ('455','CO','Pichilemu','228');
INSERT INTO AN_COMUNA (C_CODCOM, T_SIGLA, T_NOMBRE, C_CODCIU) VALUES ('456','CO','Chépica','229');
INSERT INTO AN_COMUNA (C_CODCOM, T_SIGLA, T_NOMBRE, C_CODCIU) VALUES ('457','CO','Chimbarongo','229');
INSERT INTO AN_COMUNA (C_CODCOM, T_SIGLA, T_NOMBRE, C_CODCIU) VALUES ('458','CO','Lolol','229');
INSERT INTO AN_COMUNA (C_CODCOM, T_SIGLA, T_NOMBRE, C_CODCIU) VALUES ('459','CO','Nancagua','229');
INSERT INTO AN_COMUNA (C_CODCOM, T_SIGLA, T_NOMBRE, C_CODCIU) VALUES ('460','CO','Palmilla','229');
INSERT INTO AN_COMUNA (C_CODCOM, T_SIGLA, T_NOMBRE, C_CODCIU) VALUES ('461','CO','Peralillo','229');
INSERT INTO AN_COMUNA (C_CODCOM, T_SIGLA, T_NOMBRE, C_CODCIU) VALUES ('462','CO','Placilla','229');
INSERT INTO AN_COMUNA (C_CODCOM, T_SIGLA, T_NOMBRE, C_CODCIU) VALUES ('463','CO','Pumanque','229');
INSERT INTO AN_COMUNA (C_CODCOM, T_SIGLA, T_NOMBRE, C_CODCIU) VALUES ('464','CO','San Fernando','229');
INSERT INTO AN_COMUNA (C_CODCOM, T_SIGLA, T_NOMBRE, C_CODCIU) VALUES ('465','CO','Santa Cruz','229');
INSERT INTO AN_COMUNA (C_CODCOM, T_SIGLA, T_NOMBRE, C_CODCIU) VALUES ('466','CO','Cauquenes','230');
INSERT INTO AN_COMUNA (C_CODCOM, T_SIGLA, T_NOMBRE, C_CODCIU) VALUES ('467','CO','Chanco','230');
INSERT INTO AN_COMUNA (C_CODCOM, T_SIGLA, T_NOMBRE, C_CODCIU) VALUES ('468','CO','Pelluhue','230');
INSERT INTO AN_COMUNA (C_CODCOM, T_SIGLA, T_NOMBRE, C_CODCIU) VALUES ('469','CO','Curicó','231');
INSERT INTO AN_COMUNA (C_CODCOM, T_SIGLA, T_NOMBRE, C_CODCIU) VALUES ('470','CO','Hualañé','231');
INSERT INTO AN_COMUNA (C_CODCOM, T_SIGLA, T_NOMBRE, C_CODCIU) VALUES ('471','CO','Licantén','231');
INSERT INTO AN_COMUNA (C_CODCOM, T_SIGLA, T_NOMBRE, C_CODCIU) VALUES ('472','CO','Molina','231');
INSERT INTO AN_COMUNA (C_CODCOM, T_SIGLA, T_NOMBRE, C_CODCIU) VALUES ('473','CO','Rauco','231');
INSERT INTO AN_COMUNA (C_CODCOM, T_SIGLA, T_NOMBRE, C_CODCIU) VALUES ('474','CO','Romeral','231');
INSERT INTO AN_COMUNA (C_CODCOM, T_SIGLA, T_NOMBRE, C_CODCIU) VALUES ('475','CO','Sagrada Familia','231');
INSERT INTO AN_COMUNA (C_CODCOM, T_SIGLA, T_NOMBRE, C_CODCIU) VALUES ('476','CO','Teno','231');
INSERT INTO AN_COMUNA (C_CODCOM, T_SIGLA, T_NOMBRE, C_CODCIU) VALUES ('477','CO','Vichuquén','231');
INSERT INTO AN_COMUNA (C_CODCOM, T_SIGLA, T_NOMBRE, C_CODCIU) VALUES ('478','CO','Colbún','232');
INSERT INTO AN_COMUNA (C_CODCOM, T_SIGLA, T_NOMBRE, C_CODCIU) VALUES ('479','CO','Linares','232');
INSERT INTO AN_COMUNA (C_CODCOM, T_SIGLA, T_NOMBRE, C_CODCIU) VALUES ('480','CO','Longaví','232');
INSERT INTO AN_COMUNA (C_CODCOM, T_SIGLA, T_NOMBRE, C_CODCIU) VALUES ('481','CO','Parral','232');
INSERT INTO AN_COMUNA (C_CODCOM, T_SIGLA, T_NOMBRE, C_CODCIU) VALUES ('482','CO','Retiro','232');
INSERT INTO AN_COMUNA (C_CODCOM, T_SIGLA, T_NOMBRE, C_CODCIU) VALUES ('483','CO','San Javier','232');
INSERT INTO AN_COMUNA (C_CODCOM, T_SIGLA, T_NOMBRE, C_CODCIU) VALUES ('484','CO','Villa Alegre','232');
INSERT INTO AN_COMUNA (C_CODCOM, T_SIGLA, T_NOMBRE, C_CODCIU) VALUES ('485','CO','Yerbas Buenas','232');
INSERT INTO AN_COMUNA (C_CODCOM, T_SIGLA, T_NOMBRE, C_CODCIU) VALUES ('486','CO','Constitución','233');
INSERT INTO AN_COMUNA (C_CODCOM, T_SIGLA, T_NOMBRE, C_CODCIU) VALUES ('487','CO','Curepto','233');
INSERT INTO AN_COMUNA (C_CODCOM, T_SIGLA, T_NOMBRE, C_CODCIU) VALUES ('488','CO','Empedrado','233');
INSERT INTO AN_COMUNA (C_CODCOM, T_SIGLA, T_NOMBRE, C_CODCIU) VALUES ('489','CO','Maule','233');
INSERT INTO AN_COMUNA (C_CODCOM, T_SIGLA, T_NOMBRE, C_CODCIU) VALUES ('490','CO','Pelarco','233');
INSERT INTO AN_COMUNA (C_CODCOM, T_SIGLA, T_NOMBRE, C_CODCIU) VALUES ('491','CO','Pencahue','233');
INSERT INTO AN_COMUNA (C_CODCOM, T_SIGLA, T_NOMBRE, C_CODCIU) VALUES ('492','CO','Río Claro','233');
INSERT INTO AN_COMUNA (C_CODCOM, T_SIGLA, T_NOMBRE, C_CODCIU) VALUES ('493','CO','San Clemente','233');
INSERT INTO AN_COMUNA (C_CODCOM, T_SIGLA, T_NOMBRE, C_CODCIU) VALUES ('494','CO','San Rafael','233');
INSERT INTO AN_COMUNA (C_CODCOM, T_SIGLA, T_NOMBRE, C_CODCIU) VALUES ('495','CO','Talca','233');
INSERT INTO AN_COMUNA (C_CODCOM, T_SIGLA, T_NOMBRE, C_CODCIU) VALUES ('496','CO','Arauco','234');
INSERT INTO AN_COMUNA (C_CODCOM, T_SIGLA, T_NOMBRE, C_CODCIU) VALUES ('497','CO','Cañete','234');
INSERT INTO AN_COMUNA (C_CODCOM, T_SIGLA, T_NOMBRE, C_CODCIU) VALUES ('498','CO','Contulmo','234');
INSERT INTO AN_COMUNA (C_CODCOM, T_SIGLA, T_NOMBRE, C_CODCIU) VALUES ('499','CO','Curanilahue','234');
INSERT INTO AN_COMUNA (C_CODCOM, T_SIGLA, T_NOMBRE, C_CODCIU) VALUES ('500','CO','Lebu','234');
INSERT INTO AN_COMUNA (C_CODCOM, T_SIGLA, T_NOMBRE, C_CODCIU) VALUES ('501','CO','Los Álamos','234');
INSERT INTO AN_COMUNA (C_CODCOM, T_SIGLA, T_NOMBRE, C_CODCIU) VALUES ('502','CO','Tirúa','234');
INSERT INTO AN_COMUNA (C_CODCOM, T_SIGLA, T_NOMBRE, C_CODCIU) VALUES ('503','CO','Alto Biobío','235');
INSERT INTO AN_COMUNA (C_CODCOM, T_SIGLA, T_NOMBRE, C_CODCIU) VALUES ('504','CO','Antuco','235');
INSERT INTO AN_COMUNA (C_CODCOM, T_SIGLA, T_NOMBRE, C_CODCIU) VALUES ('505','CO','Cabrero','235');
INSERT INTO AN_COMUNA (C_CODCOM, T_SIGLA, T_NOMBRE, C_CODCIU) VALUES ('506','CO','Laja','235');
INSERT INTO AN_COMUNA (C_CODCOM, T_SIGLA, T_NOMBRE, C_CODCIU) VALUES ('507','CO','Los Ángeles','235');
INSERT INTO AN_COMUNA (C_CODCOM, T_SIGLA, T_NOMBRE, C_CODCIU) VALUES ('508','CO','Mulchén','235');
INSERT INTO AN_COMUNA (C_CODCOM, T_SIGLA, T_NOMBRE, C_CODCIU) VALUES ('509','CO','Nacimiento','235');
INSERT INTO AN_COMUNA (C_CODCOM, T_SIGLA, T_NOMBRE, C_CODCIU) VALUES ('510','CO','Negrete','235');
INSERT INTO AN_COMUNA (C_CODCOM, T_SIGLA, T_NOMBRE, C_CODCIU) VALUES ('511','CO','Quilaco','235');
INSERT INTO AN_COMUNA (C_CODCOM, T_SIGLA, T_NOMBRE, C_CODCIU) VALUES ('512','CO','Quilleco','235');
INSERT INTO AN_COMUNA (C_CODCOM, T_SIGLA, T_NOMBRE, C_CODCIU) VALUES ('513','CO','San Rosendo','235');
INSERT INTO AN_COMUNA (C_CODCOM, T_SIGLA, T_NOMBRE, C_CODCIU) VALUES ('514','CO','Santa Bárbara','235');
INSERT INTO AN_COMUNA (C_CODCOM, T_SIGLA, T_NOMBRE, C_CODCIU) VALUES ('515','CO','Tucapel','235');
INSERT INTO AN_COMUNA (C_CODCOM, T_SIGLA, T_NOMBRE, C_CODCIU) VALUES ('516','CO','Yumbel','235');
INSERT INTO AN_COMUNA (C_CODCOM, T_SIGLA, T_NOMBRE, C_CODCIU) VALUES ('517','CO','Chiguayante','236');
INSERT INTO AN_COMUNA (C_CODCOM, T_SIGLA, T_NOMBRE, C_CODCIU) VALUES ('518','CO','Concepción','236');
INSERT INTO AN_COMUNA (C_CODCOM, T_SIGLA, T_NOMBRE, C_CODCIU) VALUES ('519','CO','Coronel','236');
INSERT INTO AN_COMUNA (C_CODCOM, T_SIGLA, T_NOMBRE, C_CODCIU) VALUES ('520','CO','Florida','236');
INSERT INTO AN_COMUNA (C_CODCOM, T_SIGLA, T_NOMBRE, C_CODCIU) VALUES ('521','CO','Hualpén','236');
INSERT INTO AN_COMUNA (C_CODCOM, T_SIGLA, T_NOMBRE, C_CODCIU) VALUES ('522','CO','Hualqui','236');
INSERT INTO AN_COMUNA (C_CODCOM, T_SIGLA, T_NOMBRE, C_CODCIU) VALUES ('523','CO','Lota','236');
INSERT INTO AN_COMUNA (C_CODCOM, T_SIGLA, T_NOMBRE, C_CODCIU) VALUES ('524','CO','Penco','236');
INSERT INTO AN_COMUNA (C_CODCOM, T_SIGLA, T_NOMBRE, C_CODCIU) VALUES ('525','CO','San Pedro de La Paz','236');
INSERT INTO AN_COMUNA (C_CODCOM, T_SIGLA, T_NOMBRE, C_CODCIU) VALUES ('526','CO','Santa Juana','236');
INSERT INTO AN_COMUNA (C_CODCOM, T_SIGLA, T_NOMBRE, C_CODCIU) VALUES ('527','CO','Talcahuano','236');
INSERT INTO AN_COMUNA (C_CODCOM, T_SIGLA, T_NOMBRE, C_CODCIU) VALUES ('528','CO','Tomé','236');
INSERT INTO AN_COMUNA (C_CODCOM, T_SIGLA, T_NOMBRE, C_CODCIU) VALUES ('529','CO','Bulnes','237');
INSERT INTO AN_COMUNA (C_CODCOM, T_SIGLA, T_NOMBRE, C_CODCIU) VALUES ('530','CO','Chillán','237');
INSERT INTO AN_COMUNA (C_CODCOM, T_SIGLA, T_NOMBRE, C_CODCIU) VALUES ('531','CO','Chillán Viejo','237');
INSERT INTO AN_COMUNA (C_CODCOM, T_SIGLA, T_NOMBRE, C_CODCIU) VALUES ('532','CO','Cobquecura','237');
INSERT INTO AN_COMUNA (C_CODCOM, T_SIGLA, T_NOMBRE, C_CODCIU) VALUES ('533','CO','Coelemu','237');
INSERT INTO AN_COMUNA (C_CODCOM, T_SIGLA, T_NOMBRE, C_CODCIU) VALUES ('534','CO','Coihueco','237');
INSERT INTO AN_COMUNA (C_CODCOM, T_SIGLA, T_NOMBRE, C_CODCIU) VALUES ('535','CO','El Carmen','237');
INSERT INTO AN_COMUNA (C_CODCOM, T_SIGLA, T_NOMBRE, C_CODCIU) VALUES ('536','CO','Ninhue','237');
INSERT INTO AN_COMUNA (C_CODCOM, T_SIGLA, T_NOMBRE, C_CODCIU) VALUES ('537','CO','Ñiquen','237');
INSERT INTO AN_COMUNA (C_CODCOM, T_SIGLA, T_NOMBRE, C_CODCIU) VALUES ('538','CO','Pemuco','237');
INSERT INTO AN_COMUNA (C_CODCOM, T_SIGLA, T_NOMBRE, C_CODCIU) VALUES ('539','CO','Pinto','237');
INSERT INTO AN_COMUNA (C_CODCOM, T_SIGLA, T_NOMBRE, C_CODCIU) VALUES ('540','CO','Portezuelo','237');
INSERT INTO AN_COMUNA (C_CODCOM, T_SIGLA, T_NOMBRE, C_CODCIU) VALUES ('541','CO','Quillón','237');
INSERT INTO AN_COMUNA (C_CODCOM, T_SIGLA, T_NOMBRE, C_CODCIU) VALUES ('542','CO','Quirihue','237');
INSERT INTO AN_COMUNA (C_CODCOM, T_SIGLA, T_NOMBRE, C_CODCIU) VALUES ('543','CO','Ránquil','237');
INSERT INTO AN_COMUNA (C_CODCOM, T_SIGLA, T_NOMBRE, C_CODCIU) VALUES ('544','CO','San Carlos','237');
INSERT INTO AN_COMUNA (C_CODCOM, T_SIGLA, T_NOMBRE, C_CODCIU) VALUES ('545','CO','San Fabián','237');
INSERT INTO AN_COMUNA (C_CODCOM, T_SIGLA, T_NOMBRE, C_CODCIU) VALUES ('546','CO','San Ignacio','237');
INSERT INTO AN_COMUNA (C_CODCOM, T_SIGLA, T_NOMBRE, C_CODCIU) VALUES ('547','CO','San Nicolás','237');
INSERT INTO AN_COMUNA (C_CODCOM, T_SIGLA, T_NOMBRE, C_CODCIU) VALUES ('548','CO','Treguaco','237');
INSERT INTO AN_COMUNA (C_CODCOM, T_SIGLA, T_NOMBRE, C_CODCIU) VALUES ('549','CO','Yungay','237');
INSERT INTO AN_COMUNA (C_CODCOM, T_SIGLA, T_NOMBRE, C_CODCIU) VALUES ('550','CO','Carahue','238');
INSERT INTO AN_COMUNA (C_CODCOM, T_SIGLA, T_NOMBRE, C_CODCIU) VALUES ('551','CO','Cholchol','238');
INSERT INTO AN_COMUNA (C_CODCOM, T_SIGLA, T_NOMBRE, C_CODCIU) VALUES ('552','CO','Cunco','238');
INSERT INTO AN_COMUNA (C_CODCOM, T_SIGLA, T_NOMBRE, C_CODCIU) VALUES ('553','CO','Curarrehue','238');
INSERT INTO AN_COMUNA (C_CODCOM, T_SIGLA, T_NOMBRE, C_CODCIU) VALUES ('554','CO','Freire','238');
INSERT INTO AN_COMUNA (C_CODCOM, T_SIGLA, T_NOMBRE, C_CODCIU) VALUES ('555','CO','Galvarino','238');
INSERT INTO AN_COMUNA (C_CODCOM, T_SIGLA, T_NOMBRE, C_CODCIU) VALUES ('556','CO','Gorbea','238');
INSERT INTO AN_COMUNA (C_CODCOM, T_SIGLA, T_NOMBRE, C_CODCIU) VALUES ('557','CO','Lautaro','238');
INSERT INTO AN_COMUNA (C_CODCOM, T_SIGLA, T_NOMBRE, C_CODCIU) VALUES ('558','CO','Loncoche','238');
INSERT INTO AN_COMUNA (C_CODCOM, T_SIGLA, T_NOMBRE, C_CODCIU) VALUES ('559','CO','Melipeuco','238');
INSERT INTO AN_COMUNA (C_CODCOM, T_SIGLA, T_NOMBRE, C_CODCIU) VALUES ('560','CO','Nueva Imperial','238');
INSERT INTO AN_COMUNA (C_CODCOM, T_SIGLA, T_NOMBRE, C_CODCIU) VALUES ('561','CO','Padre Las Casas','238');
INSERT INTO AN_COMUNA (C_CODCOM, T_SIGLA, T_NOMBRE, C_CODCIU) VALUES ('562','CO','Perquenco','238');
INSERT INTO AN_COMUNA (C_CODCOM, T_SIGLA, T_NOMBRE, C_CODCIU) VALUES ('563','CO','Pitrufquén','238');
INSERT INTO AN_COMUNA (C_CODCOM, T_SIGLA, T_NOMBRE, C_CODCIU) VALUES ('564','CO','Pucón','238');
INSERT INTO AN_COMUNA (C_CODCOM, T_SIGLA, T_NOMBRE, C_CODCIU) VALUES ('565','CO','Saavedra','238');
INSERT INTO AN_COMUNA (C_CODCOM, T_SIGLA, T_NOMBRE, C_CODCIU) VALUES ('566','CO','Temuco','238');
INSERT INTO AN_COMUNA (C_CODCOM, T_SIGLA, T_NOMBRE, C_CODCIU) VALUES ('567','CO','Teodoro Schmidt','238');
INSERT INTO AN_COMUNA (C_CODCOM, T_SIGLA, T_NOMBRE, C_CODCIU) VALUES ('568','CO','Toltén','238');
INSERT INTO AN_COMUNA (C_CODCOM, T_SIGLA, T_NOMBRE, C_CODCIU) VALUES ('569','CO','Vilcún','238');
INSERT INTO AN_COMUNA (C_CODCOM, T_SIGLA, T_NOMBRE, C_CODCIU) VALUES ('570','CO','Villarrica','238');
INSERT INTO AN_COMUNA (C_CODCOM, T_SIGLA, T_NOMBRE, C_CODCIU) VALUES ('571','CO','Angol','239');
INSERT INTO AN_COMUNA (C_CODCOM, T_SIGLA, T_NOMBRE, C_CODCIU) VALUES ('572','CO','Collipulli','239');
INSERT INTO AN_COMUNA (C_CODCOM, T_SIGLA, T_NOMBRE, C_CODCIU) VALUES ('573','CO','Curacautín','239');
INSERT INTO AN_COMUNA (C_CODCOM, T_SIGLA, T_NOMBRE, C_CODCIU) VALUES ('574','CO','Ercilla','239');
INSERT INTO AN_COMUNA (C_CODCOM, T_SIGLA, T_NOMBRE, C_CODCIU) VALUES ('575','CO','Lonquimay','239');
INSERT INTO AN_COMUNA (C_CODCOM, T_SIGLA, T_NOMBRE, C_CODCIU) VALUES ('576','CO','Los Sauces','239');
INSERT INTO AN_COMUNA (C_CODCOM, T_SIGLA, T_NOMBRE, C_CODCIU) VALUES ('577','CO','Lumaco','239');
INSERT INTO AN_COMUNA (C_CODCOM, T_SIGLA, T_NOMBRE, C_CODCIU) VALUES ('578','CO','Purén','239');
INSERT INTO AN_COMUNA (C_CODCOM, T_SIGLA, T_NOMBRE, C_CODCIU) VALUES ('579','CO','Renaico','239');
INSERT INTO AN_COMUNA (C_CODCOM, T_SIGLA, T_NOMBRE, C_CODCIU) VALUES ('580','CO','Traiguén','239');
INSERT INTO AN_COMUNA (C_CODCOM, T_SIGLA, T_NOMBRE, C_CODCIU) VALUES ('581','CO','Victoria','239');
INSERT INTO AN_COMUNA (C_CODCOM, T_SIGLA, T_NOMBRE, C_CODCIU) VALUES ('582','CO','Corral','240');
INSERT INTO AN_COMUNA (C_CODCOM, T_SIGLA, T_NOMBRE, C_CODCIU) VALUES ('583','CO','Lanco','240');
INSERT INTO AN_COMUNA (C_CODCOM, T_SIGLA, T_NOMBRE, C_CODCIU) VALUES ('584','CO','Los Lagos','240');
INSERT INTO AN_COMUNA (C_CODCOM, T_SIGLA, T_NOMBRE, C_CODCIU) VALUES ('585','CO','Máfil','240');
INSERT INTO AN_COMUNA (C_CODCOM, T_SIGLA, T_NOMBRE, C_CODCIU) VALUES ('586','CO','Mariquina','240');
INSERT INTO AN_COMUNA (C_CODCOM, T_SIGLA, T_NOMBRE, C_CODCIU) VALUES ('587','CO','Paillaco','240');
INSERT INTO AN_COMUNA (C_CODCOM, T_SIGLA, T_NOMBRE, C_CODCIU) VALUES ('588','CO','Panguipulli','240');
INSERT INTO AN_COMUNA (C_CODCOM, T_SIGLA, T_NOMBRE, C_CODCIU) VALUES ('589','CO','Valdivia','240');
INSERT INTO AN_COMUNA (C_CODCOM, T_SIGLA, T_NOMBRE, C_CODCIU) VALUES ('590','CO','Futrono','241');
INSERT INTO AN_COMUNA (C_CODCOM, T_SIGLA, T_NOMBRE, C_CODCIU) VALUES ('591','CO','La Unión','241');
INSERT INTO AN_COMUNA (C_CODCOM, T_SIGLA, T_NOMBRE, C_CODCIU) VALUES ('592','CO','Lago Ranco','241');
INSERT INTO AN_COMUNA (C_CODCOM, T_SIGLA, T_NOMBRE, C_CODCIU) VALUES ('593','CO','Río Bueno','241');
INSERT INTO AN_COMUNA (C_CODCOM, T_SIGLA, T_NOMBRE, C_CODCIU) VALUES ('594','CO','Ancud','242');
INSERT INTO AN_COMUNA (C_CODCOM, T_SIGLA, T_NOMBRE, C_CODCIU) VALUES ('595','CO','Castro','242');
INSERT INTO AN_COMUNA (C_CODCOM, T_SIGLA, T_NOMBRE, C_CODCIU) VALUES ('596','CO','Chonchi','242');
INSERT INTO AN_COMUNA (C_CODCOM, T_SIGLA, T_NOMBRE, C_CODCIU) VALUES ('597','CO','Curaco de Vélez','242');
INSERT INTO AN_COMUNA (C_CODCOM, T_SIGLA, T_NOMBRE, C_CODCIU) VALUES ('598','CO','Dalcahue','242');
INSERT INTO AN_COMUNA (C_CODCOM, T_SIGLA, T_NOMBRE, C_CODCIU) VALUES ('599','CO','Puqueldón','242');
INSERT INTO AN_COMUNA (C_CODCOM, T_SIGLA, T_NOMBRE, C_CODCIU) VALUES ('600','CO','Queilén','242');
INSERT INTO AN_COMUNA (C_CODCOM, T_SIGLA, T_NOMBRE, C_CODCIU) VALUES ('601','CO','Quemchi','242');
INSERT INTO AN_COMUNA (C_CODCOM, T_SIGLA, T_NOMBRE, C_CODCIU) VALUES ('602','CO','Quellón','242');
INSERT INTO AN_COMUNA (C_CODCOM, T_SIGLA, T_NOMBRE, C_CODCIU) VALUES ('603','CO','Quinchao','242');
INSERT INTO AN_COMUNA (C_CODCOM, T_SIGLA, T_NOMBRE, C_CODCIU) VALUES ('604','CO','Calbuco','243');
INSERT INTO AN_COMUNA (C_CODCOM, T_SIGLA, T_NOMBRE, C_CODCIU) VALUES ('605','CO','Cochamó','243');
INSERT INTO AN_COMUNA (C_CODCOM, T_SIGLA, T_NOMBRE, C_CODCIU) VALUES ('606','CO','Fresia','243');
INSERT INTO AN_COMUNA (C_CODCOM, T_SIGLA, T_NOMBRE, C_CODCIU) VALUES ('607','CO','Frutillar','243');
INSERT INTO AN_COMUNA (C_CODCOM, T_SIGLA, T_NOMBRE, C_CODCIU) VALUES ('608','CO','Llanquihue','243');
INSERT INTO AN_COMUNA (C_CODCOM, T_SIGLA, T_NOMBRE, C_CODCIU) VALUES ('609','CO','Los Muermos','243');
INSERT INTO AN_COMUNA (C_CODCOM, T_SIGLA, T_NOMBRE, C_CODCIU) VALUES ('610','CO','Maullín','243');
INSERT INTO AN_COMUNA (C_CODCOM, T_SIGLA, T_NOMBRE, C_CODCIU) VALUES ('611','CO','Puerto Montt','243');
INSERT INTO AN_COMUNA (C_CODCOM, T_SIGLA, T_NOMBRE, C_CODCIU) VALUES ('612','CO','Puerto Varas','243');
INSERT INTO AN_COMUNA (C_CODCOM, T_SIGLA, T_NOMBRE, C_CODCIU) VALUES ('613','CO','Osorno','244');
INSERT INTO AN_COMUNA (C_CODCOM, T_SIGLA, T_NOMBRE, C_CODCIU) VALUES ('614','CO','Puero Octay','244');
INSERT INTO AN_COMUNA (C_CODCOM, T_SIGLA, T_NOMBRE, C_CODCIU) VALUES ('615','CO','Purranque','244');
INSERT INTO AN_COMUNA (C_CODCOM, T_SIGLA, T_NOMBRE, C_CODCIU) VALUES ('616','CO','Puyehue','244');
INSERT INTO AN_COMUNA (C_CODCOM, T_SIGLA, T_NOMBRE, C_CODCIU) VALUES ('617','CO','Río Negro','244');
INSERT INTO AN_COMUNA (C_CODCOM, T_SIGLA, T_NOMBRE, C_CODCIU) VALUES ('618','CO','San Juan de la Costa','244');
INSERT INTO AN_COMUNA (C_CODCOM, T_SIGLA, T_NOMBRE, C_CODCIU) VALUES ('619','CO','San Pablo','244');
INSERT INTO AN_COMUNA (C_CODCOM, T_SIGLA, T_NOMBRE, C_CODCIU) VALUES ('620','CO','Chaitén','245');
INSERT INTO AN_COMUNA (C_CODCOM, T_SIGLA, T_NOMBRE, C_CODCIU) VALUES ('621','CO','Futaleufú','245');
INSERT INTO AN_COMUNA (C_CODCOM, T_SIGLA, T_NOMBRE, C_CODCIU) VALUES ('622','CO','Hualaihué','245');
INSERT INTO AN_COMUNA (C_CODCOM, T_SIGLA, T_NOMBRE, C_CODCIU) VALUES ('623','CO','Palena','245');
INSERT INTO AN_COMUNA (C_CODCOM, T_SIGLA, T_NOMBRE, C_CODCIU) VALUES ('624','CO','Aisén','246');
INSERT INTO AN_COMUNA (C_CODCOM, T_SIGLA, T_NOMBRE, C_CODCIU) VALUES ('625','CO','Cisnes','246');
INSERT INTO AN_COMUNA (C_CODCOM, T_SIGLA, T_NOMBRE, C_CODCIU) VALUES ('626','CO','Guaitecas','246');
INSERT INTO AN_COMUNA (C_CODCOM, T_SIGLA, T_NOMBRE, C_CODCIU) VALUES ('627','CO','Cochrane','247');
INSERT INTO AN_COMUNA (C_CODCOM, T_SIGLA, T_NOMBRE, C_CODCIU) VALUES ('628','CO','OHiggins','247');
INSERT INTO AN_COMUNA (C_CODCOM, T_SIGLA, T_NOMBRE, C_CODCIU) VALUES ('629','CO','Tortel','247');
INSERT INTO AN_COMUNA (C_CODCOM, T_SIGLA, T_NOMBRE, C_CODCIU) VALUES ('630','CO','Coihaique','248');
INSERT INTO AN_COMUNA (C_CODCOM, T_SIGLA, T_NOMBRE, C_CODCIU) VALUES ('631','CO','Lago Verde','248');
INSERT INTO AN_COMUNA (C_CODCOM, T_SIGLA, T_NOMBRE, C_CODCIU) VALUES ('632','CO','Chile Chico','249');
INSERT INTO AN_COMUNA (C_CODCOM, T_SIGLA, T_NOMBRE, C_CODCIU) VALUES ('633','CO','Río Ibáñez','249');
INSERT INTO AN_COMUNA (C_CODCOM, T_SIGLA, T_NOMBRE, C_CODCIU) VALUES ('634','CO','Antártica','250');
INSERT INTO AN_COMUNA (C_CODCOM, T_SIGLA, T_NOMBRE, C_CODCIU) VALUES ('635','CO','Cabo de Hornos','250');
INSERT INTO AN_COMUNA (C_CODCOM, T_SIGLA, T_NOMBRE, C_CODCIU) VALUES ('636','CO','Laguna Blanca','251');
INSERT INTO AN_COMUNA (C_CODCOM, T_SIGLA, T_NOMBRE, C_CODCIU) VALUES ('637','CO','Punta Arenas','251');
INSERT INTO AN_COMUNA (C_CODCOM, T_SIGLA, T_NOMBRE, C_CODCIU) VALUES ('638','CO','Río Verde','251');
INSERT INTO AN_COMUNA (C_CODCOM, T_SIGLA, T_NOMBRE, C_CODCIU) VALUES ('639','CO','San Gregorio','251');
INSERT INTO AN_COMUNA (C_CODCOM, T_SIGLA, T_NOMBRE, C_CODCIU) VALUES ('640','CO','Porvenir','252');
INSERT INTO AN_COMUNA (C_CODCOM, T_SIGLA, T_NOMBRE, C_CODCIU) VALUES ('641','CO','Primavera','252');
INSERT INTO AN_COMUNA (C_CODCOM, T_SIGLA, T_NOMBRE, C_CODCIU) VALUES ('642','CO','Timaukel','252');
INSERT INTO AN_COMUNA (C_CODCOM, T_SIGLA, T_NOMBRE, C_CODCIU) VALUES ('643','CO','Natales','253');
INSERT INTO AN_COMUNA (C_CODCOM, T_SIGLA, T_NOMBRE, C_CODCIU) VALUES ('644','CO','Torres del Paine','253');

