INSERT INTO AN_CATALOGO (C_CATALOGO, C_TIPCATAL, T_DESCRIPCION, N_ORDEN, T_VIGENTE) VALUES ('C_TIPUSUWEB','C','CLIENTE',1,'S');
INSERT INTO AN_CATALOGO (C_CATALOGO, C_TIPCATAL, T_DESCRIPCION, N_ORDEN, T_VIGENTE) VALUES ('C_TIPUSUWEB','P','PROVEEDOR',2,'S');
INSERT INTO AN_CATALOGO (C_CATALOGO, C_TIPCATAL, T_DESCRIPCION, N_ORDEN, T_VIGENTE) VALUES ('C_TIPUSUWEB','A','ADMINISTRADOR',3,'S');
INSERT INTO AN_CATALOGO (C_CATALOGO, C_TIPCATAL, T_DESCRIPCION, N_ORDEN, T_VIGENTE) VALUES ('C_TIPUSUWEB','E','EMPRESA',4,'S');

INSERT INTO AN_CATALOGO (C_CATALOGO, C_TIPCATAL, T_DESCRIPCION, N_ORDEN, T_VIGENTE) VALUES ('C_TIPCLI','E','EMPRESA',1,'S');
INSERT INTO AN_CATALOGO (C_CATALOGO, C_TIPCATAL, T_DESCRIPCION, N_ORDEN, T_VIGENTE) VALUES ('C_TIPCLI','P','PERSONA',2,'S');
INSERT INTO AN_CATALOGO (C_CATALOGO, C_TIPCATAL, T_DESCRIPCION, N_ORDEN, T_VIGENTE) VALUES ('C_TIPCLI','O','OTROS',3,'S');

INSERT INTO AN_CATALOGO (C_CATALOGO, C_TIPCATAL, T_DESCRIPCION, N_ORDEN, T_VIGENTE) VALUES ('C_TIPUSU','C','CLIENTE',1,'S');
INSERT INTO AN_CATALOGO (C_CATALOGO, C_TIPCATAL, T_DESCRIPCION, N_ORDEN, T_VIGENTE) VALUES ('C_TIPUSU','P','PROVEEDOR',2,'S');
INSERT INTO AN_CATALOGO (C_CATALOGO, C_TIPCATAL, T_DESCRIPCION, N_ORDEN, T_VIGENTE) VALUES ('C_TIPUSU','A','ADMINISTRADOR',3,'S');

INSERT INTO AN_CATALOGO (C_CATALOGO, C_TIPCATAL, T_DESCRIPCION, N_ORDEN, T_VIGENTE) VALUES ('C_TIPCON','1','PARTICULAR',1,'S');
INSERT INTO AN_CATALOGO (C_CATALOGO, C_TIPCATAL, T_DESCRIPCION, N_ORDEN, T_VIGENTE) VALUES ('C_TIPCON','2','LABORAL',2,'S');
INSERT INTO AN_CATALOGO (C_CATALOGO, C_TIPCATAL, T_DESCRIPCION, N_ORDEN, T_VIGENTE) VALUES ('C_TIPCON','3','PARIENTE',3,'S');
INSERT INTO AN_CATALOGO (C_CATALOGO, C_TIPCATAL, T_DESCRIPCION, N_ORDEN, T_VIGENTE) VALUES ('C_TIPCON','4','RECADO',4,'S');
INSERT INTO AN_CATALOGO (C_CATALOGO, C_TIPCATAL, T_DESCRIPCION, N_ORDEN, T_VIGENTE) VALUES ('C_TIPCON','5','OTROS',5,'S');

INSERT INTO AN_CATALOGO (C_CATALOGO, C_TIPCATAL, T_DESCRIPCION, N_ORDEN, T_VIGENTE) VALUES ('C_TIPDIR','1','PARTICULAR',1,'S');
INSERT INTO AN_CATALOGO (C_CATALOGO, C_TIPCATAL, T_DESCRIPCION, N_ORDEN, T_VIGENTE) VALUES ('C_TIPDIR','2','LABORAL',2,'S');
INSERT INTO AN_CATALOGO (C_CATALOGO, C_TIPCATAL, T_DESCRIPCION, N_ORDEN, T_VIGENTE) VALUES ('C_TIPDIR','3','PARIENTE',3,'S');
INSERT INTO AN_CATALOGO (C_CATALOGO, C_TIPCATAL, T_DESCRIPCION, N_ORDEN, T_VIGENTE) VALUES ('C_TIPDIR','4','RECADO',4,'S');
INSERT INTO AN_CATALOGO (C_CATALOGO, C_TIPCATAL, T_DESCRIPCION, N_ORDEN, T_VIGENTE) VALUES ('C_TIPDIR','5','OTROS',5,'S');

INSERT INTO AN_CATALOGO (C_CATALOGO, C_TIPCATAL, T_DESCRIPCION, N_ORDEN, T_VIGENTE) VALUES ('C_TIPGEO','1','GPS',1,'S');

INSERT INTO AN_CATALOGO (C_CATALOGO, C_TIPCATAL, T_DESCRIPCION, N_ORDEN, T_VIGENTE) VALUES ('C_TIPSER','1','CONSTRUCCION',1,'S');
INSERT INTO AN_CATALOGO (C_CATALOGO, C_TIPCATAL, T_DESCRIPCION, N_ORDEN, T_VIGENTE) VALUES ('C_TIPSER','2','MECANICO',2,'S');
INSERT INTO AN_CATALOGO (C_CATALOGO, C_TIPCATAL, T_DESCRIPCION, N_ORDEN, T_VIGENTE) VALUES ('C_TIPSER','3','SALUD',3,'S');
INSERT INTO AN_CATALOGO (C_CATALOGO, C_TIPCATAL, T_DESCRIPCION, N_ORDEN, T_VIGENTE) VALUES ('C_TIPSER','4','TRANSPORTE',4,'S');
INSERT INTO AN_CATALOGO (C_CATALOGO, C_TIPCATAL, T_DESCRIPCION, N_ORDEN, T_VIGENTE) VALUES ('C_TIPSER','5','MANTENCION',5,'S');
INSERT INTO AN_CATALOGO (C_CATALOGO, C_TIPCATAL, T_DESCRIPCION, N_ORDEN, T_VIGENTE) VALUES ('C_TIPSER','6','HOGAR',6,'S');

INSERT INTO AN_CATALOGO (C_CATALOGO, C_TIPCATAL, T_DESCRIPCION, N_ORDEN, T_VIGENTE) VALUES ('C_TIPOPRIV','1','MENU',1,'S');
INSERT INTO AN_CATALOGO (C_CATALOGO, C_TIPCATAL, T_DESCRIPCION, N_ORDEN, T_VIGENTE) VALUES ('C_TIPOPRIV','2','PAGINA WEB',2,'S');

INSERT INTO AN_CATALOGO (C_CATALOGO, C_TIPCATAL, T_DESCRIPCION, N_ORDEN, T_VIGENTE) VALUES ('C_TIPMON','CLP','PESO CHILENO',1,'S');
INSERT INTO AN_CATALOGO (C_CATALOGO, C_TIPCATAL, T_DESCRIPCION, N_ORDEN, T_VIGENTE) VALUES ('C_TIPMON','US','DÓLAR',2,'S');
INSERT INTO AN_CATALOGO (C_CATALOGO, C_TIPCATAL, T_DESCRIPCION, N_ORDEN, T_VIGENTE) VALUES ('C_TIPMON','EUR','EURO',3,'S');

INSERT INTO AN_CATALOGO (C_CATALOGO, C_TIPCATAL, T_DESCRIPCION, N_ORDEN, T_VIGENTE) VALUES ('C_VIAPAG','1','EFECTIVO',1,'S');
INSERT INTO AN_CATALOGO (C_CATALOGO, C_TIPCATAL, T_DESCRIPCION, N_ORDEN, T_VIGENTE) VALUES ('C_VIAPAG','2','DEBITO',2,'S');
INSERT INTO AN_CATALOGO (C_CATALOGO, C_TIPCATAL, T_DESCRIPCION, N_ORDEN, T_VIGENTE) VALUES ('C_VIAPAG','3','CREDITO',3,'S');
INSERT INTO AN_CATALOGO (C_CATALOGO, C_TIPCATAL, T_DESCRIPCION, N_ORDEN, T_VIGENTE) VALUES ('C_VIAPAG','4','PREPAGO',4,'S');
INSERT INTO AN_CATALOGO (C_CATALOGO, C_TIPCATAL, T_DESCRIPCION, N_ORDEN, T_VIGENTE) VALUES ('C_VIAPAG','5','VIRTUAL',5,'S');

INSERT INTO AN_CATALOGO (C_CATALOGO, C_TIPCATAL, T_DESCRIPCION, N_ORDEN, T_VIGENTE) VALUES ('C_TIPTAR','1','MASTER CARD',1,'S');
INSERT INTO AN_CATALOGO (C_CATALOGO, C_TIPCATAL, T_DESCRIPCION, N_ORDEN, T_VIGENTE) VALUES ('C_TIPTAR','2','VISA',2,'S');
INSERT INTO AN_CATALOGO (C_CATALOGO, C_TIPCATAL, T_DESCRIPCION, N_ORDEN, T_VIGENTE) VALUES ('C_TIPTAR','3','DINNERS',3,'S');
INSERT INTO AN_CATALOGO (C_CATALOGO, C_TIPCATAL, T_DESCRIPCION, N_ORDEN, T_VIGENTE) VALUES ('C_TIPTAR','4','AMERICAN EXPRESS',4,'S');

INSERT INTO AN_CATALOGO (C_CATALOGO, C_TIPCATAL, T_DESCRIPCION, N_ORDEN, T_VIGENTE) VALUES ('C_GENERO','M','MASCULINO',1,'S');
INSERT INTO AN_CATALOGO (C_CATALOGO, C_TIPCATAL, T_DESCRIPCION, N_ORDEN, T_VIGENTE) VALUES ('C_GENERO','F','FEMENINO',2,'S');
INSERT INTO AN_CATALOGO (C_CATALOGO, C_TIPCATAL, T_DESCRIPCION, N_ORDEN, T_VIGENTE) VALUES ('C_GENERO','O','OTRO',3,'S');

INSERT INTO AN_CATALOGO (C_CATALOGO, C_TIPCATAL, T_DESCRIPCION, N_ORDEN, T_VIGENTE) VALUES ('C_PRIORIDAD','1','MUY BAJA',1,'S');
INSERT INTO AN_CATALOGO (C_CATALOGO, C_TIPCATAL, T_DESCRIPCION, N_ORDEN, T_VIGENTE) VALUES ('C_PRIORIDAD','2','BAJA',2,'S');
INSERT INTO AN_CATALOGO (C_CATALOGO, C_TIPCATAL, T_DESCRIPCION, N_ORDEN, T_VIGENTE) VALUES ('C_PRIORIDAD','3','MEDIA',3,'S');
INSERT INTO AN_CATALOGO (C_CATALOGO, C_TIPCATAL, T_DESCRIPCION, N_ORDEN, T_VIGENTE) VALUES ('C_PRIORIDAD','4','ALTA',4,'S');
INSERT INTO AN_CATALOGO (C_CATALOGO, C_TIPCATAL, T_DESCRIPCION, N_ORDEN, T_VIGENTE) VALUES ('C_PRIORIDAD','5','MUY ALTA',5,'S');

INSERT INTO AN_CATALOGO (C_CATALOGO, C_TIPCATAL, T_DESCRIPCION, N_ORDEN, T_VIGENTE) VALUES ('C_TIPPROV','IND','INDEPENDIENTE', 1,'S');
INSERT INTO AN_CATALOGO (C_CATALOGO, C_TIPCATAL, T_DESCRIPCION, N_ORDEN, T_VIGENTE) VALUES ('C_TIPPROV','DEP','DEPENDIENTE', 2,'S');

INSERT INTO AN_CATALOGO (C_CATALOGO, C_TIPCATAL, T_DESCRIPCION, N_ORDEN, T_VIGENTE) VALUES ('T_VIGENTE','S','SI',1,'S');
INSERT INTO AN_CATALOGO (C_CATALOGO, C_TIPCATAL, T_DESCRIPCION, N_ORDEN, T_VIGENTE) VALUES ('T_VIGENTE','N','NO',2,'S');

INSERT INTO AN_CATALOGO (C_CATALOGO, C_TIPCATAL, T_DESCRIPCION, N_ORDEN, T_VIGENTE) VALUES ('C_TIPOFECHA','RAN','RANGO DE FECHAS, 1, 'S');
INSERT INTO AN_CATALOGO (C_CATALOGO, C_TIPCATAL, T_DESCRIPCION, N_ORDEN, T_VIGENTE) VALUES ('C_TIPOFECHA','ESP','ESPECIFICA, 5,'S');

INSERT INTO AN_CATALOGO (C_CATALOGO, C_TIPCATAL, T_DESCRIPCION, N_ORDEN, T_VIGENTE) VALUES ('ENTIDAD_COMERCIAL','1','BANCO ESTADO',1,'S');
INSERT INTO AN_CATALOGO (C_CATALOGO, C_TIPCATAL, T_DESCRIPCION, N_ORDEN, T_VIGENTE) VALUES ('ENTIDAD_COMERCIAL','2','BANCO SANTANDER',2,'S');
INSERT INTO AN_CATALOGO (C_CATALOGO, C_TIPCATAL, T_DESCRIPCION, N_ORDEN, T_VIGENTE) VALUES ('ENTIDAD_COMERCIAL','3','SCOTIABANK',3,'S');
INSERT INTO AN_CATALOGO (C_CATALOGO, C_TIPCATAL, T_DESCRIPCION, N_ORDEN, T_VIGENTE) VALUES ('ENTIDAD_COMERCIAL','4','BANCO EDWARDS',4,'S');
INSERT INTO AN_CATALOGO (C_CATALOGO, C_TIPCATAL, T_DESCRIPCION, N_ORDEN, T_VIGENTE) VALUES ('ENTIDAD_COMERCIAL','5','BANCO BCI',5,'S');
INSERT INTO AN_CATALOGO (C_CATALOGO, C_TIPCATAL, T_DESCRIPCION, N_ORDEN, T_VIGENTE) VALUES ('ENTIDAD_COMERCIAL','6','BANCO ITAU',6,'S');
INSERT INTO AN_CATALOGO (C_CATALOGO, C_TIPCATAL, T_DESCRIPCION, N_ORDEN, T_VIGENTE) VALUES ('ENTIDAD_COMERCIAL','7','CORPBANCA',7,'S');
INSERT INTO AN_CATALOGO (C_CATALOGO, C_TIPCATAL, T_DESCRIPCION, N_ORDEN, T_VIGENTE) VALUES ('ENTIDAD_COMERCIAL','8','BANCO DE CHILE',8,'S');
INSERT INTO AN_CATALOGO (C_CATALOGO, C_TIPCATAL, T_DESCRIPCION, N_ORDEN, T_VIGENTE) VALUES ('ENTIDAD_COMERCIAL','9','BANCO FALABELLA',9,'S');
INSERT INTO AN_CATALOGO (C_CATALOGO, C_TIPCATAL, T_DESCRIPCION, N_ORDEN, T_VIGENTE) VALUES ('ENTIDAD_COMERCIAL','10','BBVA',10,'S');
INSERT INTO AN_CATALOGO (C_CATALOGO, C_TIPCATAL, T_DESCRIPCION, N_ORDEN, T_VIGENTE) VALUES ('ENTIDAD_COMERCIAL','11','BANCO RIPLEY',11,'S');
INSERT INTO AN_CATALOGO (C_CATALOGO, C_TIPCATAL, T_DESCRIPCION, N_ORDEN, T_VIGENTE) VALUES ('ENTIDAD_COMERCIAL','12','BANCO PARIS',12,'S');

INSERT INTO AN_CATALOGO (C_CATALOGO, C_TIPCATAL, T_DESCRIPCION, N_ORDEN, T_VIGENTE) VALUES ('VALOR_LOGICO','1','S',1,'S');
INSERT INTO AN_CATALOGO (C_CATALOGO, C_TIPCATAL, T_DESCRIPCION, N_ORDEN, T_VIGENTE) VALUES ('VALOR_LOGICO','2','N',2,'S');

INSERT INTO AN_MAILREPORT (C_CODMAIL, T_FROM, T_TO, T_CC, T_CCO, T_ASUNTO, T_MAIL ) VALUES ('NUEVA_SOLICITUD', 'auctionnowcenter@gmail.com;actnow2016', 'hec.gonzalezt@gmail.com; hec.gonzaleztapia@gmail.com', 'auctionnowcenter@gmail.com', '', 'PRUEBA DE NOTIFICACION', 'ESTE CORREO ES UN MENSAJE DE PRUEBA, PARA LAS NUEVAS SOLICITUDES PROCESADAS POR AUCTION NOW. POR FAVOR DISCULPE LAS MOLESTIAS. ATTE AUCTION NOW ADM, GRACIAS');

INSERT INTO AN_CATALOGO (C_CATALOGO, C_TIPCATAL, T_DESCRIPCION, N_ORDEN, T_VIGENTE) VALUES ('SECUENCIA_REGISTRO','CLI','0',1,'S');
INSERT INTO AN_CATALOGO (C_CATALOGO, C_TIPCATAL, T_DESCRIPCION, N_ORDEN, T_VIGENTE) VALUES ('SECUENCIA_REGISTRO','TRA','0',2,'S');
INSERT INTO AN_CATALOGO (C_CATALOGO, C_TIPCATAL, T_DESCRIPCION, N_ORDEN, T_VIGENTE) VALUES ('SECUENCIA_REGISTRO','SUB','0',3,'S');
INSERT INTO AN_CATALOGO (C_CATALOGO, C_TIPCATAL, T_DESCRIPCION, N_ORDEN, T_VIGENTE) VALUES ('SECUENCIA_REGISTRO','OFE','0',4,'S');
INSERT INTO AN_CATALOGO (C_CATALOGO, C_TIPCATAL, T_DESCRIPCION, N_ORDEN, T_VIGENTE) VALUES ('SECUENCIA_REGISTRO','USUW','0',5,'S');
INSERT INTO AN_CATALOGO (C_CATALOGO, C_TIPCATAL, T_DESCRIPCION, N_ORDEN, T_VIGENTE) VALUES ('SECUENCIA_REGISTRO','USU','0',6,'S');
INSERT INTO AN_CATALOGO (C_CATALOGO, C_TIPCATAL, T_DESCRIPCION, N_ORDEN, T_VIGENTE) VALUES ('SECUENCIA_REGISTRO','PRO','0',7,'S');
INSERT INTO AN_CATALOGO (C_CATALOGO, C_TIPCATAL, T_DESCRIPCION, N_ORDEN, T_VIGENTE) VALUES ('SECUENCIA_REGISTRO','FIPRO','0',8,'S');
INSERT INTO AN_CATALOGO (C_CATALOGO, C_TIPCATAL, T_DESCRIPCION, N_ORDEN, T_VIGENTE) VALUES ('SECUENCIA_REGISTRO','FICLI','0',9,'S');
INSERT INTO AN_CATALOGO (C_CATALOGO, C_TIPCATAL, T_DESCRIPCION, N_ORDEN, T_VIGENTE) VALUES ('SECUENCIA_REGISTRO','PRIV','0',10,'S');
INSERT INTO AN_CATALOGO (C_CATALOGO, C_TIPCATAL, T_DESCRIPCION, N_ORDEN, T_VIGENTE) VALUES ('SECUENCIA_REGISTRO','DIR','0',11,'S');
INSERT INTO AN_CATALOGO (C_CATALOGO, C_TIPCATAL, T_DESCRIPCION, N_ORDEN, T_VIGENTE) VALUES ('SECUENCIA_REGISTRO','CON','0',12,'S');
INSERT INTO AN_CATALOGO (C_CATALOGO, C_TIPCATAL, T_DESCRIPCION, N_ORDEN, T_VIGENTE) VALUES ('SECUENCIA_REGISTRO','GEO','0',13,'S');
INSERT INTO AN_CATALOGO (C_CATALOGO, C_TIPCATAL, T_DESCRIPCION, N_ORDEN, T_VIGENTE) VALUES ('SECUENCIA_REGISTRO','EMP','0',14,'S');
INSERT INTO AN_CATALOGO (C_CATALOGO, C_TIPCATAL, T_DESCRIPCION, N_ORDEN, T_VIGENTE) VALUES ('SECUENCIA_REGISTRO','SER','0',15,'S');
INSERT INTO AN_CATALOGO (C_CATALOGO, C_TIPCATAL, T_DESCRIPCION, N_ORDEN, T_VIGENTE) VALUES ('SECUENCIA_REGISTRO','BITTRA','0',16,'S');
INSERT INTO AN_CATALOGO (C_CATALOGO, C_TIPCATAL, T_DESCRIPCION, N_ORDEN, T_VIGENTE) VALUES ('SECUENCIA_REGISTRO','MEDPAG','0',17,'S');
INSERT INTO AN_CATALOGO (C_CATALOGO, C_TIPCATAL, T_DESCRIPCION, N_ORDEN, T_VIGENTE) VALUES ('SECUENCIA_REGISTRO','TAR','0',18,'S');
INSERT INTO AN_CATALOGO (C_CATALOGO, C_TIPCATAL, T_DESCRIPCION, N_ORDEN, T_VIGENTE) VALUES ('SECUENCIA_REGISTRO','RUB','0',19,'S');
INSERT INTO AN_CATALOGO (C_CATALOGO, C_TIPCATAL, T_DESCRIPCION, N_ORDEN, T_VIGENTE) VALUES ('SECUENCIA_REGISTRO','EJR','0',20,'S');
INSERT INTO AN_CATALOGO (C_CATALOGO, C_TIPCATAL, T_DESCRIPCION, N_ORDEN, T_VIGENTE) VALUES ('SECUENCIA_REGISTRO','SAC','0',21,'S');
INSERT INTO AN_CATALOGO (C_CATALOGO, C_TIPCATAL, T_DESCRIPCION, N_ORDEN, T_VIGENTE) VALUES ('SECUENCIA_REGISTRO','SOL','0',22,'S');
INSERT INTO AN_CATALOGO (C_CATALOGO, C_TIPCATAL, T_DESCRIPCION, N_ORDEN, T_VIGENTE) VALUES ('SECUENCIA_REGISTRO','NOTUSU','0',23,'S');
INSERT INTO AN_CATALOGO (C_CATALOGO, C_TIPCATAL, T_DESCRIPCION, N_ORDEN, T_VIGENTE) VALUES ('SECUENCIA_REGISTRO','PRIVUSU','0',24,'S');

INSERT INTO AN_NOTIFICACION (C_CODNOTIFICACION, C_TIPNOTIFICACION, T_NOMBRE, T_DESCRIPCION)
VALUES ('NOT000000000000001', 'NEWSUB', 'NUEVA SUBASTA', 'HAY UNA NUEVA SOLICITUD DE SERVICIO DISPONIBLE PARA SUBASTAR');

INSERT INTO AN_PRIVILEGIO (C_CODPRIV, T_DESCRIPCION, T_VIGENTE, T_OBSERVACION, D_FECREG, C_TIPOPRIV, C_TIPUSUWEB)
VALUES ('PRIV000000000000001', 'Perimite al usuario proveedor subastar', 'S', 'N/A', '10-14-2019', 'COMPORTAMIENTO', 'PROV');

INSERT INTO AN_CONFIGURACION (C_CONFIG, T_VALOR, T_DESCRIPCION)
VALUES ('MAIL_NOTIFYS', 'A', 'Activa o Desactiva las notificaciones via mail, para estar activada  su valor debe ser A');

insert into an_rubro (C_CODRUBRO, T_NOMBRE, T_ACTIVO) values ('RUB00000000000000001','Enseñanza','S');
insert into an_servicio (C_CODSER, T_NOMBRE, T_SIGLA, T_DESCRIPCION, C_CODRUBRO) VALUES ('SER00000000000000010','Enseñanza PreEscolar','EPRE','Enseñanza para niños. ','RUB00000000000000001');
insert into an_servicio (C_CODSER, T_NOMBRE, T_SIGLA, T_DESCRIPCION, C_CODRUBRO) VALUES ('SER00000000000000011','Enseñanza Primaria (1ero - 8vo Básico)','EPRI','Enseñanza para niños. ','RUB00000000000000001');
insert into an_servicio (C_CODSER, T_NOMBRE, T_SIGLA, T_DESCRIPCION, C_CODRUBRO) VALUES ('SER00000000000000012','Enseñanza Secundaria (1er - 4to Medio)','ESEC','Enseñanza para niños. ','RUB00000000000000001');
insert into an_cargo (C_CODCAR, T_NOMBRE, T_SIGLA, T_DESCRIPCION,T_ACTIVO, C_CODSER) values ('CAR00000000000000001','Profesor/a','PF','Ejerce la labor de enseñar contenidos a alguien que disponga a receptarlos','S','SER00000000000000011');
insert into an_cargo (C_CODCAR, T_NOMBRE, T_SIGLA, T_DESCRIPCION,T_ACTIVO, C_CODSER) values ('CAR00000000000000002','Ayudante Profesor/a','APFEjerce la labor de enseñar contenidos a alguien que disponga a receptarlos','S','SER00000000000000011');

insert into an_rubro (C_CODRUBRO, T_NOMBRE, T_DESCRIPCION,T_ACTIVO) values ('RUB00000000000000002','Construccion','Construccion de estructuras','S');
insert into an_servicio (C_CODSER, T_NOMBRE, T_SIGLA, T_DESCRIPCION, C_CODRUBRO) VALUES ('SER00000000000000013','Excavaciones','EXCAV','Excavaciones de Terrenos','RUB00000000000000002');
insert into an_servicio (C_CODSER, T_NOMBRE, T_SIGLA, T_DESCRIPCION, C_CODRUBRO) VALUES ('SER00000000000000014','Demolicion y Preparacion de Terrenos','DEMTERR','Demolicion de obrar en peligro de derrumbe y exctraccion de material en calidad de escombros o basuras','RUB00000000000000002');
insert into an_servicio (C_CODSER, T_NOMBRE, T_SIGLA, T_DESCRIPCION, C_CODRUBRO) VALUES ('SER00000000000000015','Terminaciones','TER','Servicio de sellados, emparejamientos, reparaciones de desperfectos superficiales y embellecedor de las estructuras determinadas','RUB00000000000000002');
insert into an_servicio (C_CODSER, T_NOMBRE, T_SIGLA, T_DESCRIPCION, C_CODRUBRO) VALUES ('SER00000000000000016','Tabiqueria','TBQIA','Servicio de implementacion de separaciones con material ligero en interiores, tanto de estructuras residenciales como comerciales.','RUB00000000000000002');
insert into an_servicio (C_CODSER, T_NOMBRE, T_SIGLA, T_DESCRIPCION, C_CODRUBRO) VALUES ('SER00000000000000017','Pintura','PIN','Servicio de pinturas sobre superficies ya aptas para ello.','RUB00000000000000002');
insert into an_servicio (C_CODSER, T_NOMBRE, T_SIGLA, T_DESCRIPCION, C_CODRUBRO) VALUES ('SER00000000000000018','Construccion de Casas','CONSC','Servicio de montajes de estructuras de material ligero y solido en base a una arquitectura ya definida.','RUB00000000000000002');
insert into an_cargo (C_CODCAR, T_NOMBRE, T_SIGLA, T_DESCRIPCION,T_ACTIVO, C_CODSER) values ('CAR00000000000000003','Excavador Encargado','EXCENC','Proveedor destinado administrar si el servicio como tal cumple con lo solicitado.','S','SER00000000000000013');
insert into an_cargo (C_CODCAR, T_NOMBRE, T_SIGLA, T_DESCRIPCION,T_ACTIVO, C_CODSER) values ('CAR00000000000000004','Chofer Camion de Carga','CHOFCAR','Maneja vehiculo que retira escombros desde  la obra en curso','S','SER00000000000000013');
insert into an_cargo (C_CODCAR, T_NOMBRE, T_SIGLA, T_DESCRIPCION,T_ACTIVO, C_CODSER) values ('CAR00000000000000005','Chofer Retroexcavadora','CHOFRET','Maneja vehiculo que ejerce la accion de perforar el terreno y recoger los escombros sobrantes','S','SER00000000000000013');
insert into an_cargo (C_CODCAR, T_NOMBRE, T_SIGLA, T_DESCRIPCION,T_ACTIVO, C_CODSER) values ('CAR00000000000000006','Jornal Ayudante','JORAEjerce la labor manual de ayudar en lo que pueda ejercer durante la obra en curso','S','SER00000000000000013');

insert into an_cargo (C_CODCAR, T_NOMBRE, T_SIGLA, T_DESCRIPCION,T_ACTIVO, C_CODSER) values ('CAR00000000000000007','Chofer Bulldozer Demolicion','PF','Maneja vehiculo que derrumba estructuras ligeras, solidas, etc','S','SER00000000000000014');
insert into an_cargo (C_CODCAR, T_NOMBRE, T_SIGLA, T_DESCRIPCION,T_ACTIVO, C_CODSER) values ('CAR00000000000000008','Chofer Camion de Carga','CHOFCAR','Maneja vehiculo que retira escombros desde  la obra en curso','S','SER00000000000000014');
insert into an_cargo (C_CODCAR, T_NOMBRE, T_SIGLA, T_DESCRIPCION,T_ACTIVO, C_CODSER) values ('CAR00000000000000009','Jornal Ayudante','JORA','Ejerce la labor manual de ayudar en lo que pueda ejercer durante la obra en curso','S','SER00000000000000014');